achieved_rate,attack_type,description,jitter_pct,latency_ms,passed,pitch_factor,proximity,score,semitone_shift,source_idx,stretch_scale,target_pitch,target_rate
,voice_replay,Captured MFCC template replayed verbatim,0.0,1.035,True,,,0.9763,,0,,,
,voice_replay,Captured MFCC template replayed verbatim,0.0,0.653,True,,,0.9763,,0,,,
,voice_replay,Captured MFCC template replayed verbatim,0.0,0.699,True,,,0.9763,,0,,,
,voice_replay,Captured MFCC template replayed verbatim,0.0,0.72,True,,,0.9763,,0,,,
,voice_replay,Captured MFCC template replayed verbatim,0.0,0.742,True,,,0.9763,,0,,,
,voice_replay,Captured MFCC template replayed verbatim,0.0,0.797,True,,,0.9763,,0,,,
,voice_replay,Captured MFCC template replayed verbatim,0.0,1.87,True,,,0.9763,,0,,,
,voice_replay,Captured MFCC template replayed verbatim,0.0,1.285,True,,,0.9763,,0,,,
,voice_replay,Captured MFCC template replayed verbatim,0.0,2.003,True,,,0.9763,,0,,,
,voice_replay,Captured MFCC template replayed verbatim,0.0,3.611,True,,,0.9763,,0,,,
,voice_replay,Captured MFCC template replayed verbatim,0.0,1.259,True,,,0.9763,,0,,,
,voice_replay,Captured MFCC template replayed verbatim,0.0,1.197,True,,,0.9763,,0,,,
,voice_replay,Captured MFCC template replayed verbatim,0.0,0.834,True,,,0.9763,,0,,,
,voice_replay,Captured MFCC template replayed verbatim,0.0,0.834,True,,,0.9763,,0,,,
,voice_replay,Captured MFCC template replayed verbatim,0.0,0.841,True,,,0.9763,,0,,,
,voice_replay,Captured MFCC template replayed verbatim,0.0,0.826,True,,,0.9763,,0,,,
,voice_replay,Captured MFCC template replayed verbatim,0.0,0.828,True,,,0.9763,,0,,,
,voice_replay,Captured MFCC template replayed verbatim,0.0,0.945,True,,,0.9763,,0,,,
,voice_replay,Captured MFCC template replayed verbatim,0.0,1.283,True,,,0.9763,,0,,,
,voice_replay,Captured MFCC template replayed verbatim,0.0,0.891,True,,,0.9763,,0,,,
,voice_replay,Captured MFCC template replayed verbatim,0.0,1.541,True,,,0.9763,,0,,,
,voice_replay,Captured MFCC template replayed verbatim,0.0,1.124,True,,,0.9763,,0,,,
,voice_replay,Captured MFCC template replayed verbatim,0.0,0.688,True,,,0.9763,,0,,,
,voice_replay,Captured MFCC template replayed verbatim,0.0,0.761,True,,,0.9763,,0,,,
,voice_replay,Captured MFCC template replayed verbatim,0.0,0.68,True,,,0.9763,,0,,,
,voice_replay,Captured MFCC template replayed verbatim,0.0,0.641,True,,,0.9763,,0,,,
,voice_replay,Captured MFCC template replayed verbatim,0.0,0.633,True,,,0.9763,,0,,,
,voice_replay,Captured MFCC template replayed verbatim,0.0,0.649,True,,,0.9763,,0,,,
,voice_replay,Captured MFCC template replayed verbatim,0.0,0.655,True,,,0.9763,,0,,,
,voice_replay,Captured MFCC template replayed verbatim,0.0,0.719,True,,,0.9763,,0,,,
,voice_replay,Captured MFCC template replayed verbatim,0.0,0.775,True,,,0.9763,,0,,,
,voice_replay,Captured MFCC template replayed verbatim,0.0,0.754,True,,,0.9763,,0,,,
,voice_replay,Captured MFCC template replayed verbatim,0.0,0.717,True,,,0.9763,,0,,,
,voice_replay,Captured MFCC template replayed verbatim,0.0,0.733,True,,,0.9763,,0,,,
,voice_replay,Captured MFCC template replayed verbatim,0.0,0.712,True,,,0.9763,,0,,,
,voice_replay,Captured MFCC template replayed verbatim,0.0,0.593,True,,,0.9763,,0,,,
,voice_replay,Captured MFCC template replayed verbatim,0.0,0.53,True,,,0.9763,,0,,,
,voice_replay,Captured MFCC template replayed verbatim,0.0,0.524,True,,,0.9763,,0,,,
,voice_replay,Captured MFCC template replayed verbatim,0.0,0.517,True,,,0.9763,,0,,,
,voice_replay,Captured MFCC template replayed verbatim,0.0,0.562,True,,,0.9763,,0,,,
,voice_replay,Captured MFCC template replayed verbatim,0.0,0.538,True,,,0.9763,,0,,,
,voice_replay,Captured MFCC template replayed verbatim,0.0,0.502,True,,,0.9763,,0,,,
,voice_replay,Captured MFCC template replayed verbatim,0.0,0.436,True,,,0.9763,,0,,,
,voice_replay,Captured MFCC template replayed verbatim,0.0,0.516,True,,,0.9763,,0,,,
,voice_replay,Captured MFCC template replayed verbatim,0.0,0.537,True,,,0.9763,,0,,,
,voice_replay,Captured MFCC template replayed verbatim,0.0,0.467,True,,,0.9763,,0,,,
,voice_replay,Captured MFCC template replayed verbatim,0.0,0.474,True,,,0.9763,,0,,,
,voice_replay,Captured MFCC template replayed verbatim,0.0,0.445,True,,,0.9763,,0,,,
,voice_replay,Captured MFCC template replayed verbatim,0.0,0.471,True,,,0.9763,,0,,,
,voice_replay,Captured MFCC template replayed verbatim,0.0,0.444,True,,,0.9763,,0,,,
,voice_replay,Captured MFCC template replayed verbatim,0.03,0.472,True,,,0.9718,,0,,,
,voice_replay,Captured MFCC template replayed verbatim,0.03,0.467,True,,,0.969,,0,,,
,voice_replay,Captured MFCC template replayed verbatim,0.03,0.482,True,,,0.9724,,0,,,
,voice_replay,Captured MFCC template replayed verbatim,0.03,0.444,True,,,0.9709,,0,,,
,voice_replay,Captured MFCC template replayed verbatim,0.03,0.434,True,,,0.9734,,0,,,
,voice_replay,Captured MFCC template replayed verbatim,0.03,0.445,True,,,0.9731,,0,,,
,voice_replay,Captured MFCC template replayed verbatim,0.03,0.488,True,,,0.9721,,0,,,
,voice_replay,Captured MFCC template replayed verbatim,0.03,0.472,True,,,0.9724,,0,,,
,voice_replay,Captured MFCC template replayed verbatim,0.03,0.435,True,,,0.9721,,0,,,
,voice_replay,Captured MFCC template replayed verbatim,0.03,0.476,True,,,0.9729,,0,,,
,voice_replay,Captured MFCC template replayed verbatim,0.03,0.495,True,,,0.9683,,0,,,
,voice_replay,Captured MFCC template replayed verbatim,0.03,0.518,True,,,0.9712,,0,,,
,voice_replay,Captured MFCC template replayed verbatim,0.03,0.494,True,,,0.9703,,0,,,
,voice_replay,Captured MFCC template replayed verbatim,0.03,0.44,True,,,0.9732,,0,,,
,voice_replay,Captured MFCC template replayed verbatim,0.03,0.444,True,,,0.9701,,0,,,
,voice_replay,Captured MFCC template replayed verbatim,0.03,0.45,True,,,0.9736,,0,,,
,voice_replay,Captured MFCC template replayed verbatim,0.03,0.437,True,,,0.9734,,0,,,
,voice_replay,Captured MFCC template replayed verbatim,0.03,0.437,True,,,0.9718,,0,,,
,voice_replay,Captured MFCC template replayed verbatim,0.03,0.439,True,,,0.9704,,0,,,
,voice_replay,Captured MFCC template replayed verbatim,0.03,0.447,True,,,0.9733,,0,,,
,voice_replay,Captured MFCC template replayed verbatim,0.03,0.448,True,,,0.9714,,0,,,
,voice_replay,Captured MFCC template replayed verbatim,0.03,0.442,True,,,0.9716,,0,,,
,voice_replay,Captured MFCC template replayed verbatim,0.03,0.442,True,,,0.9715,,0,,,
,voice_replay,Captured MFCC template replayed verbatim,0.03,0.452,True,,,0.9721,,0,,,
,voice_replay,Captured MFCC template replayed verbatim,0.03,0.605,True,,,0.9722,,0,,,
,voice_replay,Captured MFCC template replayed verbatim,0.03,0.562,True,,,0.9709,,0,,,
,voice_replay,Captured MFCC template replayed verbatim,0.03,0.442,True,,,0.9722,,0,,,
,voice_replay,Captured MFCC template replayed verbatim,0.03,0.465,True,,,0.9732,,0,,,
,voice_replay,Captured MFCC template replayed verbatim,0.03,0.481,True,,,0.9713,,0,,,
,voice_replay,Captured MFCC template replayed verbatim,0.03,0.436,True,,,0.9728,,0,,,
,voice_replay,Captured MFCC template replayed verbatim,0.03,0.433,True,,,0.9722,,0,,,
,voice_replay,Captured MFCC template replayed verbatim,0.03,0.431,True,,,0.9715,,0,,,
,voice_replay,Captured MFCC template replayed verbatim,0.03,0.45,True,,,0.9706,,0,,,
,voice_replay,Captured MFCC template replayed verbatim,0.03,0.437,True,,,0.9725,,0,,,
,voice_replay,Captured MFCC template replayed verbatim,0.03,0.432,True,,,0.9709,,0,,,
,voice_replay,Captured MFCC template replayed verbatim,0.03,0.431,True,,,0.9718,,0,,,
,voice_replay,Captured MFCC template replayed verbatim,0.03,0.444,True,,,0.9714,,0,,,
,voice_replay,Captured MFCC template replayed verbatim,0.03,0.437,True,,,0.971,,0,,,
,voice_replay,Captured MFCC template replayed verbatim,0.03,0.437,True,,,0.9728,,0,,,
,voice_replay,Captured MFCC template replayed verbatim,0.03,0.435,True,,,0.9716,,0,,,
,voice_replay,Captured MFCC template replayed verbatim,0.03,0.433,True,,,0.9716,,0,,,
,voice_replay,Captured MFCC template replayed verbatim,0.03,0.451,True,,,0.9696,,0,,,
,voice_replay,Captured MFCC template replayed verbatim,0.03,0.432,True,,,0.9716,,0,,,
,voice_replay,Captured MFCC template replayed verbatim,0.03,0.446,True,,,0.9732,,0,,,
,voice_replay,Captured MFCC template replayed verbatim,0.03,0.441,True,,,0.9705,,0,,,
,voice_replay,Captured MFCC template replayed verbatim,0.03,0.451,True,,,0.9726,,0,,,
,voice_replay,Captured MFCC template replayed verbatim,0.03,0.484,True,,,0.9735,,0,,,
,voice_replay,Captured MFCC template replayed verbatim,0.03,0.562,True,,,0.973,,0,,,
,voice_replay,Captured MFCC template replayed verbatim,0.03,0.514,True,,,0.9722,,0,,,
,voice_replay,Captured MFCC template replayed verbatim,0.03,0.454,True,,,0.9691,,0,,,
,voice_pitch_shift,Voice pitch shifted to match target,,0.435,False,0.9443082824349679,,0.4358,-0.9920420490231647,,,420.440596306781,
,voice_pitch_shift,Voice pitch shifted to match target,,0.43,False,0.9953717840254734,,0.4358,-0.08031124339601625,,,420.440596306781,
,voice_pitch_shift,Voice pitch shifted to match target,,0.428,False,1.0905510610752853,,0.3862,1.5006878459118749,,,420.440596306781,
,voice_pitch_shift,Voice pitch shifted to match target,,0.491,False,1.0238814664422633,,0.4358,0.40858447068508896,,,420.440596306781,
,voice_pitch_shift,Voice pitch shifted to match target,,0.448,False,0.8655293400502292,,0.049,-2.500144433146505,,,420.440596306781,
,voice_pitch_shift,Voice pitch shifted to match target,,0.436,False,1.1068239032176197,,0.3862,1.7571084739571274,,,420.440596306781,
,voice_pitch_shift,Voice pitch shifted to match target,,0.433,False,1.0070165095578736,,0.4358,0.12104803007113762,,,420.440596306781,
,voice_pitch_shift,Voice pitch shifted to match target,,0.445,False,1.0762456889924292,,0.3862,1.2720895053280126,,,420.440596306781,
,voice_pitch_shift,Voice pitch shifted to match target,,0.445,False,0.947327187382221,,0.4358,-0.9367836701635017,,,420.440596306781,
,voice_pitch_shift,Voice pitch shifted to match target,,0.449,False,1.1554555121142578,,0.3861,2.5015405627097254,,,420.440596306781,
,voice_pitch_shift,Voice pitch shifted to match target,,0.498,False,1.0743452794926875,,0.3863,1.2414927573856662,,,420.440596306781,
,voice_pitch_shift,Voice pitch shifted to match target,,0.435,False,1.0605180333825823,,0.4359,1.0172298374136712,,,420.440596306781,
,voice_pitch_shift,Voice pitch shifted to match target,,0.49,False,1.0681900923522918,,0.4359,1.1420208979069777,,,420.440596306781,
,voice_pitch_shift,Voice pitch shifted to match target,,0.438,False,1.0095490883161897,,0.4358,0.16453274376567073,,,420.440596306781,
,voice_pitch_shift,Voice pitch shifted to match target,,0.452,False,1.0353549933562094,,0.4358,0.6015061326288151,,,420.440596306781,
,voice_pitch_shift,Voice pitch shifted to match target,,0.454,False,1.097500541145537,,0.3862,1.610659813340341,,,420.440596306781,
,voice_pitch_shift,Voice pitch shifted to match target,,0.434,False,1.1019103340710046,,0.3862,1.6800819843223227,,,420.440596306781,
,voice_pitch_shift,Voice pitch shifted to match target,,0.443,False,0.9923125607544707,,0.4358,-0.13360175389651996,,,420.440596306781,
,voice_pitch_shift,Voice pitch shifted to match target,,0.437,False,0.856055923833235,,0.049,-2.6906765735030485,,,420.440596306781,
,voice_pitch_shift,Voice pitch shifted to match target,,0.438,False,0.8466937380889648,,0.049,-2.881054506667374,,,420.440596306781,
,voice_pitch_shift,Voice pitch shifted to match target,,0.437,False,1.1411784239228309,,0.3861,2.2862925058405015,,,420.440596306781,
,voice_pitch_shift,Voice pitch shifted to match target,,0.447,False,0.8976318670498026,,0.348,-1.8696504067179123,,,420.440596306781,
,voice_pitch_shift,Voice pitch shifted to match target,,0.435,False,0.9326619728596188,,0.406,-1.2068855862026033,,,420.440596306781,
,voice_pitch_shift,Voice pitch shifted to match target,,0.436,False,1.175297863069372,,0.386,2.7963172120136477,,,420.440596306781,
,voice_pitch_shift,Voice pitch shifted to match target,,0.438,False,1.0644697313562352,,0.4359,1.0816191208104708,,,420.440596306781,
,voice_pitch_shift,Voice pitch shifted to match target,,0.444,False,0.9463380459818757,,0.4358,-0.9548696063383812,,,420.440596306781,
,voice_pitch_shift,Voice pitch shifted to match target,,0.447,False,0.9347546518865172,,0.406,-1.168084189088671,,,420.440596306781,
,voice_pitch_shift,Voice pitch shifted to match target,,0.444,False,0.8552786896063712,,0.049,-2.7064020130470885,,,420.440596306781,
,voice_pitch_shift,Voice pitch shifted to match target,,0.437,False,1.1724731673575812,,0.386,2.7546588757386985,,,420.440596306781,
,voice_pitch_shift,Voice pitch shifted to match target,,0.444,False,1.0325088523211023,,0.4358,0.5538498095091269,,,420.440596306781,
,voice_pitch_shift,Voice pitch shifted to match target,,0.456,False,0.9285973716930036,,0.406,-1.2824987686657674,,,420.440596306781,
,voice_pitch_shift,Voice pitch shifted to match target,,0.44,False,1.033524222088702,,0.4358,0.5708664088787985,,,420.440596306781,
,voice_pitch_shift,Voice pitch shifted to match target,,0.446,False,1.185137909870525,,0.386,2.940659396162294,,,420.440596306781,
,voice_pitch_shift,Voice pitch shifted to match target,,0.442,False,1.0853555002643034,,0.3862,1.418011971550885,,,420.440596306781,
,voice_pitch_shift,Voice pitch shifted to match target,,0.439,False,1.0900582054008265,,0.3862,1.4928620648098203,,,420.440596306781,
,voice_pitch_shift,Voice pitch shifted to match target,,0.457,False,1.1381513883544054,,0.3861,2.2403096024762217,,,420.440596306781,
,voice_pitch_shift,Voice pitch shifted to match target,,0.443,False,0.8439591006947161,,0.049,-2.9370601086334993,,,420.440596306781,
,voice_pitch_shift,Voice pitch shifted to match target,,0.54,False,0.8820700559657647,,0.0491,-2.1724182300614756,,,420.440596306781,
,voice_pitch_shift,Voice pitch shifted to match target,,0.513,False,0.9060920575062527,,0.3481,-1.7072455398825315,,,420.440596306781,
,voice_pitch_shift,Voice pitch shifted to match target,,0.449,False,0.8724002210719853,,0.0491,-2.36325551184226,,,420.440596306781,
,voice_pitch_shift,Voice pitch shifted to match target,,0.436,False,1.147876214379632,,0.3861,2.387604862391587,,,420.440596306781,
,voice_pitch_shift,Voice pitch shifted to match target,,0.438,False,1.09797612130897,,0.3862,1.6181601489071369,,,420.440596306781,
,voice_pitch_shift,Voice pitch shifted to match target,,0.432,False,1.104693087933877,,0.3862,1.723747291313825,,,420.440596306781,
,voice_pitch_shift,Voice pitch shifted to match target,,0.449,False,0.8885635635001847,,0.3078,-2.045437338966989,,,420.440596306781,
,voice_pitch_shift,Voice pitch shifted to match target,,0.437,False,1.1862885566285704,,0.386,2.9574597400097398,,,420.440596306781,
,voice_pitch_shift,Voice pitch shifted to match target,,0.434,False,0.9476759039837331,,0.4358,-0.9304120704170131,,,420.440596306781,
,voice_pitch_shift,Voice pitch shifted to match target,,0.434,False,0.8652874027633853,,0.049,-2.504984345554216,,,420.440596306781,
,voice_pitch_shift,Voice pitch shifted to match target,,0.486,False,1.0739421391473298,,0.3863,1.234995206875685,,,420.440596306781,
,voice_pitch_shift,Voice pitch shifted to match target,,0.442,False,1.1630483004810936,,0.3861,2.6149321445461897,,,420.440596306781,
,voice_pitch_shift,Voice pitch shifted to match target,,0.441,False,1.0092933031447422,,0.4358,0.16014583369979318,,,420.440596306781,
1.2615455609111823,voice_time_stretch,Speaking rate time-stretched to match target,,0.437,False,,,0.468,,,0.7155690206873663,,1.73611111111111
1.431314816036508,voice_time_stretch,Speaking rate time-stretched to match target,,0.437,True,,,0.5237,,,0.8118648845839581,,1.73611111111111
1.8522949325859586,voice_time_stretch,Speaking rate time-stretched to match target,,0.45,True,,,0.6681,,,1.0506516070472876,,1.73611111111111
2.1053897075245906,voice_time_stretch,Speaking rate time-stretched to match target,,0.441,True,,,0.5905,,,1.1942110517914928,,1.73611111111111
2.100268900236998,voice_time_stretch,Speaking rate time-stretched to match target,,0.433,True,,,0.5909,,,1.1913064471783508,,1.73611111111111
1.792172815889339,voice_time_stretch,Speaking rate time-stretched to match target,,0.435,True,,,0.6771,,,1.016549371266617,,1.73611111111111
1.901868509627212,voice_time_stretch,Speaking rate time-stretched to match target,,0.444,True,,,0.6535,,,1.078770540738242,,1.73611111111111
1.2845248695000042,voice_time_stretch,Speaking rate time-stretched to match target,,0.451,False,,,0.468,,,0.7286032557181641,,1.73611111111111
1.9865978413650522,voice_time_stretch,Speaking rate time-stretched to match target,,0.437,True,,,0.6133,,,1.1268303863861073,,1.73611111111111
1.88854327604876,voice_time_stretch,Speaking rate time-stretched to match target,,0.436,True,,,0.6579,,,1.0712122530016688,,1.73611111111111
1.6382152733288664,voice_time_stretch,Speaking rate time-stretched to match target,,0.462,True,,,0.6479,,,0.929222166153343,,1.73611111111111
2.010669436123513,voice_time_stretch,Speaking rate time-stretched to match target,,0.491,True,,,0.6064,,,1.1404841837767095,,1.73611111111111
1.8142273728483138,voice_time_stretch,Speaking rate time-stretched to match target,,0.439,True,,,0.6752,,,1.029059072234871,,1.73611111111111
1.734814259220217,voice_time_stretch,Speaking rate time-stretched to match target,,0.432,True,,,0.6743,,,0.9840146713750652,,1.73611111111111
1.6667652554866417,voice_time_stretch,Speaking rate time-stretched to match target,,0.43,True,,,0.6576,,,0.9454161772190435,,1.73611111111111
1.691803760708823,voice_time_stretch,Speaking rate time-stretched to match target,,0.441,True,,,0.6651,,,0.9596184218437805,,1.73611111111111
1.8020420320165293,voice_time_stretch,Speaking rate time-stretched to match target,,0.447,True,,,0.6765,,,1.0221473500776117,,1.73611111111111
1.0738737807083254,voice_time_stretch,Speaking rate time-stretched to match target,,0.437,False,,,0.451,,,0.6091185553760562,,1.73611111111111
1.9160083083408739,voice_time_stretch,Speaking rate time-stretched to match target,,0.431,True,,,0.6486,,,1.0867908629776888,,1.73611111111111
2.1025682132986616,voice_time_stretch,Speaking rate time-stretched to match target,,0.434,True,,,0.5907,,,1.1926106546891757,,1.73611111111111
1.3504215610602293,voice_time_stretch,Speaking rate time-stretched to match target,,0.44,False,,,0.4684,,,0.7659809236418099,,1.73611111111111
1.3822584398583415,voice_time_stretch,Speaking rate time-stretched to match target,,0.443,False,,,0.469,,,0.7840393155772174,,1.73611111111111
1.7038387644222863,voice_time_stretch,Speaking rate time-stretched to match target,,0.439,True,,,0.6682,,,0.966444870359038,,1.73611111111111
2.146341806723102,voice_time_stretch,Speaking rate time-stretched to match target,,0.44,True,,,0.5655,,,1.2174397439818923,,1.73611111111111
1.6940686466294113,voice_time_stretch,Speaking rate time-stretched to match target,,0.443,True,,,0.6657,,,0.9609031017240643,,1.73611111111111
1.5651489710287954,voice_time_stretch,Speaking rate time-stretched to match target,,0.449,True,,,0.6229,,,0.8877777792028269,,1.73611111111111
1.4588825897201556,voice_time_stretch,Speaking rate time-stretched to match target,,0.447,True,,,0.5517,,,0.8275017711369025,,1.73611111111111
2.471816097001036,voice_time_stretch,Speaking rate time-stretched to match target,,0.442,True,,,0.5637,,,1.402054019018364,,1.73611111111111
2.132904419546896,voice_time_stretch,Speaking rate time-stretched to match target,,0.453,True,,,0.5766,,,1.2098178409129854,,1.73611111111111
1.5985130464971018,voice_time_stretch,Speaking rate time-stretched to match target,,0.455,True,,,0.6338,,,0.9067024217593365,,1.73611111111111
2.401741989176317,voice_time_stretch,Speaking rate time-stretched to match target,,0.45,True,,,0.5637,,,1.3623068531090659,,1.73611111111111
1.8197598234086538,voice_time_stretch,Speaking rate time-stretched to match target,,0.446,True,,,0.6744,,,1.0321971675618478,,1.73611111111111
1.265097030289041,voice_time_stretch,Speaking rate time-stretched to match target,,0.437,False,,,0.468,,,0.7175834714876053,,1.73611111111111
1.4335028913447498,voice_time_stretch,Speaking rate time-stretched to match target,,0.483,True,,,0.5238,,,0.8131059962441489,,1.73611111111111
1.7229156534025938,voice_time_stretch,Speaking rate time-stretched to match target,,0.587,True,,,0.6723,,,0.9772655899496493,,1.73611111111111
1.212271321817381,voice_time_stretch,Speaking rate time-stretched to match target,,0.438,False,,,0.4527,,,0.6876198763156007,,1.73611111111111
1.3186558318310033,voice_time_stretch,Speaking rate time-stretched to match target,,0.43,False,,,0.4682,,,0.7479628888911986,,1.73611111111111
1.6713327415136854,voice_time_stretch,Speaking rate time-stretched to match target,,0.434,True,,,0.6591,,,0.9480069290750559,,1.73611111111111
1.835761998623287,voice_time_stretch,Speaking rate time-stretched to match target,,0.448,True,,,0.6717,,,1.041273859836784,,1.73611111111111
1.632253400887845,voice_time_stretch,Speaking rate time-stretched to match target,,0.436,True,,,0.6458,,,0.9258404957989221,,1.73611111111111
2.13891179621535,voice_time_stretch,Speaking rate time-stretched to match target,,0.431,True,,,0.5658,,,1.2132253220002645,,1.73611111111111
1.5757777233010908,voice_time_stretch,Speaking rate time-stretched to match target,,0.43,True,,,0.6262,,,0.8938065791845903,,1.73611111111111
1.657517988231708,voice_time_stretch,Speaking rate time-stretched to match target,,0.45,True,,,0.6546,,,0.9401709778551236,,1.73611111111111
1.6809942768038264,voice_time_stretch,Speaking rate time-stretched to match target,,0.441,True,,,0.662,,,0.9534871079604774,,1.73611111111111
1.4163217444853935,voice_time_stretch,Speaking rate time-stretched to match target,,0.44,True,,,0.5229,,,0.8033605722076556,,1.73611111111111
1.8404575517338915,voice_time_stretch,Speaking rate time-stretched to match target,,0.439,True,,,0.6707,,,1.0439372534113402,,1.73611111111111
1.6362451232793087,voice_time_stretch,Speaking rate time-stretched to match target,,0.45,True,,,0.6472,,,0.9281046652201616,,1.73611111111111
2.0324995999431765,voice_time_stretch,Speaking rate time-stretched to match target,,0.457,True,,,0.6012,,,1.152866605331583,,1.73611111111111
1.3016147296421596,voice_time_stretch,Speaking rate time-stretched to match target,,0.471,False,,,0.4681,,,0.7382969004540494,,1.73611111111111
1.5908609097477109,voice_time_stretch,Speaking rate time-stretched to match target,,0.477,True,,,0.6312,,,0.9023620061853063,,1.73611111111111
,voice_synthetic,Synthetic voice at proximity=0.70 to genuine,,0.474,False,,0.7,0.0048,,,,,
,voice_synthetic,Synthetic voice at proximity=0.70 to genuine,,0.484,False,,0.7,0.002,,,,,
,voice_synthetic,Synthetic voice at proximity=0.70 to genuine,,0.486,False,,0.7,0.0025,,,,,
,voice_synthetic,Synthetic voice at proximity=0.70 to genuine,,0.574,False,,0.7,0.0099,,,,,
,voice_synthetic,Synthetic voice at proximity=0.70 to genuine,,0.446,False,,0.7,0.0587,,,,,
,voice_synthetic,Synthetic voice at proximity=0.70 to genuine,,0.451,False,,0.7,0.0066,,,,,
,voice_synthetic,Synthetic voice at proximity=0.70 to genuine,,0.462,False,,0.7,0.0453,,,,,
,voice_synthetic,Synthetic voice at proximity=0.70 to genuine,,1.186,False,,0.7,0.0016,,,,,
,voice_synthetic,Synthetic voice at proximity=0.70 to genuine,,0.888,False,,0.7,0.0866,,,,,
,voice_synthetic,Synthetic voice at proximity=0.70 to genuine,,0.841,False,,0.7,0.0044,,,,,
,voice_synthetic,Synthetic voice at proximity=0.70 to genuine,,0.846,False,,0.7,0.0438,,,,,
,voice_synthetic,Synthetic voice at proximity=0.70 to genuine,,0.879,False,,0.7,0.0715,,,,,
,voice_synthetic,Synthetic voice at proximity=0.70 to genuine,,0.778,False,,0.7,0.0034,,,,,
,voice_synthetic,Synthetic voice at proximity=0.70 to genuine,,0.774,False,,0.7,0.0041,,,,,
,voice_synthetic,Synthetic voice at proximity=0.70 to genuine,,0.755,False,,0.7,0.0063,,,,,
,voice_synthetic,Synthetic voice at proximity=0.70 to genuine,,0.761,False,,0.7,0.0029,,,,,
,voice_synthetic,Synthetic voice at proximity=0.70 to genuine,,0.577,False,,0.7,0.0021,,,,,
,voice_synthetic,Synthetic voice at proximity=0.70 to genuine,,0.556,False,,0.7,0.0067,,,,,
,voice_synthetic,Synthetic voice at proximity=0.70 to genuine,,0.553,False,,0.7,0.0039,,,,,
,voice_synthetic,Synthetic voice at proximity=0.70 to genuine,,0.561,False,,0.7,0.006,,,,,
,voice_synthetic,Synthetic voice at proximity=0.70 to genuine,,0.784,False,,0.7,0.0059,,,,,
,voice_synthetic,Synthetic voice at proximity=0.70 to genuine,,0.619,False,,0.7,0.0053,,,,,
,voice_synthetic,Synthetic voice at proximity=0.70 to genuine,,0.591,False,,0.7,0.0023,,,,,
,voice_synthetic,Synthetic voice at proximity=0.70 to genuine,,0.582,False,,0.7,0.0424,,,,,
,voice_synthetic,Synthetic voice at proximity=0.70 to genuine,,0.575,False,,0.7,0.0033,,,,,
,voice_synthetic,Synthetic voice at proximity=0.70 to genuine,,0.57,False,,0.7,0.0043,,,,,
,voice_synthetic,Synthetic voice at proximity=0.70 to genuine,,0.559,False,,0.7,0.0596,,,,,
,voice_synthetic,Synthetic voice at proximity=0.70 to genuine,,0.565,False,,0.7,0.0146,,,,,
,voice_synthetic,Synthetic voice at proximity=0.70 to genuine,,0.559,False,,0.7,0.0361,,,,,
,voice_synthetic,Synthetic voice at proximity=0.70 to genuine,,0.661,False,,0.7,0.0035,,,,,
,voice_synthetic,Synthetic voice at proximity=0.70 to genuine,,0.58,False,,0.7,0.0078,,,,,
,voice_synthetic,Synthetic voice at proximity=0.70 to genuine,,0.564,False,,0.7,0.0026,,,,,
,voice_synthetic,Synthetic voice at proximity=0.70 to genuine,,0.572,False,,0.7,0.0064,,,,,
,voice_synthetic,Synthetic voice at proximity=0.70 to genuine,,0.575,False,,0.7,0.0023,,,,,
,voice_synthetic,Synthetic voice at proximity=0.70 to genuine,,0.571,False,,0.7,0.0059,,,,,
,voice_synthetic,Synthetic voice at proximity=0.70 to genuine,,0.578,False,,0.7,0.0049,,,,,
,voice_synthetic,Synthetic voice at proximity=0.70 to genuine,,0.576,False,,0.7,0.0371,,,,,
,voice_synthetic,Synthetic voice at proximity=0.70 to genuine,,0.7,False,,0.7,0.0093,,,,,
,voice_synthetic,Synthetic voice at proximity=0.70 to genuine,,0.586,False,,0.7,0.0037,,,,,
,voice_synthetic,Synthetic voice at proximity=0.70 to genuine,,0.588,False,,0.7,0.0052,,,,,
,voice_synthetic,Synthetic voice at proximity=0.70 to genuine,,0.603,False,,0.7,0.0662,,,,,
,voice_synthetic,Synthetic voice at proximity=0.70 to genuine,,0.558,False,,0.7,0.057,,,,,
,voice_synthetic,Synthetic voice at proximity=0.70 to genuine,,0.572,False,,0.7,0.0024,,,,,
,voice_synthetic,Synthetic voice at proximity=0.70 to genuine,,0.599,False,,0.7,0.0045,,,,,
,voice_synthetic,Synthetic voice at proximity=0.70 to genuine,,0.55,False,,0.7,0.0034,,,,,
,voice_synthetic,Synthetic voice at proximity=0.70 to genuine,,0.551,False,,0.7,0.0338,,,,,
,voice_synthetic,Synthetic voice at proximity=0.70 to genuine,,0.606,False,,0.7,0.0036,,,,,
,voice_synthetic,Synthetic voice at proximity=0.70 to genuine,,0.555,False,,0.7,0.1182,,,,,
,voice_synthetic,Synthetic voice at proximity=0.70 to genuine,,0.549,False,,0.7,0.0057,,,,,
,voice_synthetic,Synthetic voice at proximity=0.70 to genuine,,0.563,False,,0.7,0.0439,,,,,
,voice_synthetic,Synthetic voice at proximity=0.20 to genuine,,0.604,False,,0.2,0.0013,,,,,
,voice_synthetic,Synthetic voice at proximity=0.20 to genuine,,0.6,False,,0.2,0.0009,,,,,
,voice_synthetic,Synthetic voice at proximity=0.20 to genuine,,0.594,False,,0.2,0.0013,,,,,
,voice_synthetic,Synthetic voice at proximity=0.20 to genuine,,0.62,False,,0.2,0.0021,,,,,
,voice_synthetic,Synthetic voice at proximity=0.20 to genuine,,0.655,False,,0.2,0.0014,,,,,
,voice_synthetic,Synthetic voice at proximity=0.20 to genuine,,0.629,False,,0.2,0.0015,,,,,
,voice_synthetic,Synthetic voice at proximity=0.20 to genuine,,0.624,False,,0.2,0.0016,,,,,
,voice_synthetic,Synthetic voice at proximity=0.20 to genuine,,0.562,False,,0.2,0.0013,,,,,
,voice_synthetic,Synthetic voice at proximity=0.20 to genuine,,0.561,False,,0.2,0.0013,,,,,
,voice_synthetic,Synthetic voice at proximity=0.20 to genuine,,0.563,False,,0.2,0.0012,,,,,
,voice_synthetic,Synthetic voice at proximity=0.20 to genuine,,0.555,False,,0.2,0.0017,,,,,
,voice_synthetic,Synthetic voice at proximity=0.20 to genuine,,0.55,False,,0.2,0.0011,,,,,
,voice_synthetic,Synthetic voice at proximity=0.20 to genuine,,0.555,False,,0.2,0.0013,,,,,
,voice_synthetic,Synthetic voice at proximity=0.20 to genuine,,0.563,False,,0.2,0.0012,,,,,
,voice_synthetic,Synthetic voice at proximity=0.20 to genuine,,0.553,False,,0.2,0.0014,,,,,
,voice_synthetic,Synthetic voice at proximity=0.20 to genuine,,0.554,False,,0.2,0.0012,,,,,
,voice_synthetic,Synthetic voice at proximity=0.20 to genuine,,0.554,False,,0.2,0.0011,,,,,
,voice_synthetic,Synthetic voice at proximity=0.20 to genuine,,0.573,False,,0.2,0.0011,,,,,
,voice_synthetic,Synthetic voice at proximity=0.20 to genuine,,0.561,False,,0.2,0.0013,,,,,
,voice_synthetic,Synthetic voice at proximity=0.20 to genuine,,0.552,False,,0.2,0.0011,,,,,
,voice_synthetic,Synthetic voice at proximity=0.20 to genuine,,0.571,False,,0.2,0.0017,,,,,
,voice_synthetic,Synthetic voice at proximity=0.20 to genuine,,0.569,False,,0.2,0.0011,,,,,
,voice_synthetic,Synthetic voice at proximity=0.20 to genuine,,0.621,False,,0.2,0.0014,,,,,
,voice_synthetic,Synthetic voice at proximity=0.20 to genuine,,0.633,False,,0.2,0.0011,,,,,
,voice_synthetic,Synthetic voice at proximity=0.20 to genuine,,0.57,False,,0.2,0.0021,,,,,
,voice_synthetic,Synthetic voice at proximity=0.20 to genuine,,0.565,False,,0.2,0.0016,,,,,
,voice_synthetic,Synthetic voice at proximity=0.20 to genuine,,0.559,False,,0.2,0.0021,,,,,
,voice_synthetic,Synthetic voice at proximity=0.20 to genuine,,0.584,False,,0.2,0.002,,,,,
,voice_synthetic,Synthetic voice at proximity=0.20 to genuine,,0.561,False,,0.2,0.0023,,,,,
,voice_synthetic,Synthetic voice at proximity=0.20 to genuine,,0.563,False,,0.2,0.0012,,,,,
,voice_synthetic,Synthetic voice at proximity=0.20 to genuine,,0.564,False,,0.2,0.001,,,,,
,voice_synthetic,Synthetic voice at proximity=0.20 to genuine,,0.557,False,,0.2,0.0011,,,,,
,voice_synthetic,Synthetic voice at proximity=0.20 to genuine,,0.555,False,,0.2,0.0012,,,,,
,voice_synthetic,Synthetic voice at proximity=0.20 to genuine,,0.561,False,,0.2,0.0011,,,,,
,voice_synthetic,Synthetic voice at proximity=0.20 to genuine,,0.58,False,,0.2,0.0019,,,,,
,voice_synthetic,Synthetic voice at proximity=0.20 to genuine,,0.563,False,,0.2,0.0013,,,,,
,voice_synthetic,Synthetic voice at proximity=0.20 to genuine,,0.568,False,,0.2,0.0011,,,,,
,voice_synthetic,Synthetic voice at proximity=0.20 to genuine,,0.572,False,,0.2,0.0014,,,,,
,voice_synthetic,Synthetic voice at proximity=0.20 to genuine,,0.567,False,,0.2,0.0013,,,,,
,voice_synthetic,Synthetic voice at proximity=0.20 to genuine,,0.566,False,,0.2,0.0013,,,,,
,voice_synthetic,Synthetic voice at proximity=0.20 to genuine,,0.633,False,,0.2,0.0021,,,,,
,voice_synthetic,Synthetic voice at proximity=0.20 to genuine,,0.565,False,,0.2,0.0013,,,,,
,voice_synthetic,Synthetic voice at proximity=0.20 to genuine,,0.551,False,,0.2,0.0014,,,,,
,voice_synthetic,Synthetic voice at proximity=0.20 to genuine,,0.557,False,,0.2,0.0016,,,,,
,voice_synthetic,Synthetic voice at proximity=0.20 to genuine,,0.555,False,,0.2,0.0022,,,,,
,voice_synthetic,Synthetic voice at proximity=0.20 to genuine,,0.559,False,,0.2,0.0011,,,,,
,voice_synthetic,Synthetic voice at proximity=0.20 to genuine,,0.553,False,,0.2,0.0009,,,,,
,voice_synthetic,Synthetic voice at proximity=0.20 to genuine,,0.554,False,,0.2,0.0013,,,,,
,voice_synthetic,Synthetic voice at proximity=0.20 to genuine,,0.564,False,,0.2,0.0032,,,,,
,voice_synthetic,Synthetic voice at proximity=0.20 to genuine,,0.558,False,,0.2,0.0013,,,,,
,voice_replay,Captured MFCC template replayed verbatim,0.0,0.554,False,,,0.0,,0,,,
,voice_replay,Captured MFCC template replayed verbatim,0.0,0.55,False,,,0.0,,1,,,
,voice_replay,Captured MFCC template replayed verbatim,0.0,0.57,False,,,0.0,,2,,,
,voice_replay,Captured MFCC template replayed verbatim,0.0,0.565,False,,,0.0,,3,,,
,voice_replay,Captured MFCC template replayed verbatim,0.0,0.553,False,,,0.0,,4,,,
,voice_replay,Captured MFCC template replayed verbatim,0.0,0.57,False,,,0.0,,5,,,
,voice_replay,Captured MFCC template replayed verbatim,0.0,0.562,False,,,0.0,,6,,,
,voice_replay,Captured MFCC template replayed verbatim,0.0,0.559,False,,,0.0,,7,,,
,voice_replay,Captured MFCC template replayed verbatim,0.0,0.649,False,,,0.0,,8,,,
,voice_replay,Captured MFCC template replayed verbatim,0.0,0.684,False,,,0.0001,,9,,,
,voice_replay,Captured MFCC template replayed verbatim,0.0,0.789,False,,,0.0001,,10,,,
,voice_replay,Captured MFCC template replayed verbatim,0.0,0.658,False,,,0.0,,11,,,
,voice_replay,Captured MFCC template replayed verbatim,0.0,0.612,False,,,0.0001,,12,,,
,voice_replay,Captured MFCC template replayed verbatim,0.0,0.677,False,,,0.0001,,13,,,
,voice_replay,Captured MFCC template replayed verbatim,0.0,0.58,False,,,0.0,,14,,,
,voice_replay,Captured MFCC template replayed verbatim,0.0,0.568,False,,,0.0001,,15,,,
,voice_replay,Captured MFCC template replayed verbatim,0.0,0.563,False,,,0.0,,16,,,
,voice_replay,Captured MFCC template replayed verbatim,0.0,0.557,False,,,0.0,,17,,,
,voice_replay,Captured MFCC template replayed verbatim,0.0,0.563,False,,,0.0,,18,,,
,voice_replay,Captured MFCC template replayed verbatim,0.0,0.555,False,,,0.0,,19,,,
,voice_replay,Captured MFCC template replayed verbatim,0.0,0.552,False,,,0.0,,20,,,
,voice_replay,Captured MFCC template replayed verbatim,0.0,0.558,False,,,0.0,,21,,,
,voice_replay,Captured MFCC template replayed verbatim,0.0,0.572,False,,,0.0,,22,,,
,voice_replay,Captured MFCC template replayed verbatim,0.0,0.555,False,,,0.0,,23,,,
,voice_replay,Captured MFCC template replayed verbatim,0.0,0.554,False,,,0.0,,24,,,
,voice_replay,Captured MFCC template replayed verbatim,0.0,0.714,False,,,0.0001,,25,,,
,voice_replay,Captured MFCC template replayed verbatim,0.0,0.838,False,,,0.0001,,26,,,
,voice_replay,Captured MFCC template replayed verbatim,0.0,0.783,False,,,0.0,,27,,,
,voice_replay,Captured MFCC template replayed verbatim,0.0,0.64,False,,,0.0,,28,,,
,voice_replay,Captured MFCC template replayed verbatim,0.0,0.575,False,,,0.0,,29,,,
,voice_replay,Captured MFCC template replayed verbatim,0.0,0.737,False,,,0.0001,,30,,,
,voice_replay,Captured MFCC template replayed verbatim,0.0,0.583,False,,,0.0,,31,,,
,voice_replay,Captured MFCC template replayed verbatim,0.0,0.557,False,,,0.0,,32,,,
,voice_replay,Captured MFCC template replayed verbatim,0.0,0.555,False,,,0.0002,,33,,,
,voice_replay,Captured MFCC template replayed verbatim,0.0,0.56,False,,,0.0001,,34,,,
,voice_replay,Captured MFCC template replayed verbatim,0.0,0.557,False,,,0.0001,,35,,,
,voice_replay,Captured MFCC template replayed verbatim,0.0,0.565,False,,,0.0,,36,,,
,voice_replay,Captured MFCC template replayed verbatim,0.0,0.555,False,,,0.0,,37,,,
,voice_replay,Captured MFCC template replayed verbatim,0.0,0.576,False,,,0.0,,38,,,
,voice_replay,Captured MFCC template replayed verbatim,0.0,0.557,False,,,0.0001,,39,,,
,voice_replay,Captured MFCC template replayed verbatim,0.0,0.555,False,,,0.0,,40,,,
,voice_replay,Captured MFCC template replayed verbatim,0.0,0.568,False,,,0.0,,41,,,
,voice_replay,Captured MFCC template replayed verbatim,0.0,0.879,False,,,0.0,,42,,,
,voice_replay,Captured MFCC template replayed verbatim,0.0,0.461,False,,,0.0,,43,,,
,voice_replay,Captured MFCC template replayed verbatim,0.0,0.443,False,,,0.0,,44,,,
,voice_replay,Captured MFCC template replayed verbatim,0.0,0.44,False,,,0.0001,,45,,,
,voice_replay,Captured MFCC template replayed verbatim,0.0,0.448,False,,,0.0002,,46,,,
,voice_replay,Captured MFCC template replayed verbatim,0.0,0.454,False,,,0.0001,,47,,,
,voice_replay,Captured MFCC template replayed verbatim,0.0,0.441,False,,,0.0,,48,,,
,voice_replay,Captured MFCC template replayed verbatim,0.0,0.501,False,,,0.0,,49,,,
